ID,文構造,語句1,語句2,語句3,語句4,語句5,語句6,以降の文章,正解,日本語訳
1,3年助動詞,Why,do,you,have,to,leave,for school so early?,Why do you have to leave for school so early?,あなたはなぜそんなに早く学校へ出かけなければならないのですか？
2,3年助動詞,You,don't,have,to,go,to,a library to find many different things.,You don't have to go to a library to find many different things.,あなたは図書館に行っていろいろなものを探す必要はありません。
3,3年助動詞,We,will,have,to,get,up,early tomorrow.,We will have to get up early tomorrow.,あなたは明日早起きしなければならないでしょう。
4,3年助動詞,She,must,be,sick,because,she,looks pale.,She must be sick because she looks pale.,彼女は顔色が悪いので、病気に違いない。
5,3年助動詞,You,had,better,go,there,as,quickly as you can.,You had better go there as quickly as you can.,できるだけ急いでそこに行ったほうが良い。
6,3年助動詞,You,had,better,not,take,a,work late at night.,You had better not take a work late at night.,君は夜遅く散歩をしないほうが良い。
7,3年助動詞,No,one,will,be,able,to,answer that question.,No one will be able to answer that question.,だれもその問いには答えられないでしょう。
8,3年助動詞,I,would,like,to,know,how,to make sushi.,I would like to know how to make sushi.,僕はすしの作り方を知りたい。
9,3年助動詞,Excuse,me,but,may,I,have,your name please?,Excuse me but may I have your name please?,失礼ですが、どちら様でしょうか？
10,3年助動詞,You,cannot,be,careful,in,crossing,a street.,You cannot be careful in crossing a street.,横断歩道を横断するときには、いくら注意してもしすぎることはありません。
11,3年助動詞,We,would,often,do,things,like,that (when we were young),We would often do things like that (when we were young),私たちは若いころには、よくそのようなことをしたものでした。
12,3年比較,I,like,oranges,better,than,any,other fruit.,I like oranges better than any other fruit.,果物の中ではオレンジが一番好きです。
13,3年比較,No,other,student,in,his,class,was so tall as Mike.,No other student in his class was so tall as Mike.,マイクはクラスで一番背が高かった。
14,3年比較,I,worked,as,hard,as,I,could.,I worked as hard as I could.,私はできるだけ一生懸命勉強した。
15,3年比較,Nothing,is,so,pleasant,as,traveling,by sea.,Nothing is so pleasant as traveling by sea.,私はできるだけ一生懸命に勉強した。
16,3年比較,He,has,three,times,as,many,books as she has.,He has three times as many books as she has.,彼の蔵書は彼女の蔵書の3倍です。
17,3年比較,The,new,gym,will,be,twice,as large as the old one.,The new gym will be twice as large as the old one.,その新しい体育館は古い体育館の２倍広くなります。
18,3年比較,This,problem,may,be,more,difficult,than you imagined.,This problem may be more difficult than you imagined.,この問題は君が想像していたより難しいかもしれない。
19,3年比較,There,is,nothing,more,important,than,to be honest.,There is nothing more important than to be honest.,正直であることより大切なことはありません。
20,3年現在完了,Have,you,ever,written,a,letter,in English?,Have you ever written a letter in English?,あなたは今までに英語で手紙を書いたことがありますか。
21,3年現在完了,We,have,known,each,other,for,ten years.,We have known each other for ten years.,私たちは知り合って１０年になります。
22,3年現在完了,I,have,never,seen,such,a,beautiful sunset.,I have never seen such a beautiful sunset.,あんなに美しい日の入りを見ったことがありません。
23,3年現在完了,I,haven't,seen,you,for,a,long time.,I haven't seen you for a long time.,久しぶりですね
24,3年現在完了,My,father,has,been,to,Europe,three times.,My father has been to Europe three times.,私の父はヨーロッパに３回行ったことがあります。
25,3年現在完了,How,long,have,you,stayed,in,this hotel?,How long have you stayed in this hotel?,あなたはどのくらいこのホテルに滞在しているのですか？
26,3年現在完了,How,many,times,has,your,father,visited New York?,How many times has your father visited New York?,あなたのお父さんは何回ニューヨークに行ったことがありますか？
27,3年不定詞,He,went,to,Tokyo,Station,to,see her off.,He went to Tokyo Station to see her off.,彼は彼女を見送りに東京駅へ行きました。
28,3年不定詞,Please,give,me,something,hot,to,drink.,Please give me something hot to drink.,何か温かい飲み物をください。
29,3年不定詞,Tom,had,few,friends,to,play,with.,Tom had few friends to play with.,トムには一緒に遊ぶ友人がほとんどいませんでした。
30,3年不定詞,Be,careful,not,to,burn,the,toast.,Be careful not to burn the toast.,トーストを焦がさないように気をつけなさい。
31,3年不定詞,To,do,this,homework,will,be,easy for you.,To do this homework will be easy for you.,この宿題をするのは、あなたには簡単だろう。
32,3年不定詞,I,felt,sad,to,hear,the,news of his death.,I felt sad to hear the news of his death.,私は彼が亡くなったという知らせを聞いて悲しく思いました。
33,3年不定詞,This,chair,is,comfortable,to,sit,on.,This chair is comfortable to sit on.,この椅子は座り心地が良い。
34,3年不定詞を含む構文,It,is,good,for,our,health,to get up early.,It is good for our health to get up early.,早起きは健康に良い。
35,3年不定詞を含む構文,It is impossible,for,her,to,come,back,in such a short time.,It is impossible for her to come back in such a short time.,彼女がそんな短時間で帰ってくるのは不可能でしょう。
36,3年不定詞を含む構文,My motther,wants,me,to,be,a,great musician.,My motther wants me to be a great musician.,母は私が偉大な音楽家になることを望んでいます。
37,3年不定詞を含む構文,John,asked,the,doctor,to,see,him on Wednesday.,John asked the doctor to see him on Wednesday.,ジョンは医者に水曜日に診察してくれるように頼みました。
38,3年不定詞を含む構文,My,brother,didn't,know,where,to,go.,My brother didn't know where to go.,私の弟はどこに行ってよいのかわかりませんでした。
39,3年不定詞を含む構文,The,desk,is,too,heavy,for,me to lift.,The desk is too heavy for me to lift.,その机はとても重いので持ち上げられません。
40,3年不定詞を含む構文,Tom,was,kind,enough,to,help,me with my homework.,Tom was kind enough to help me with my homework.,トムは親切にも私の宿題を手伝ってくれた。
41,3年不定詞を含む構文,This,computer,is,small,enough,to,carry in the pocket.,This computer is small enough to carry in the pocket.,このコンピュータはポケットに入れて運べるくらい小さい。
42,3年動名詞,Writing,good,English,needs,a,lot,of practice.,Writing good English needs a lot of practice.,良い英語を書くにはたくさんの練習が必要です。
43,3年動名詞,Don't be,afraid,of,making,mistakes,in,speaking English.,Don't be afraid of making mistakes in speaking English.,英語を話すときには間違うことを恐れてはならない。
44,3年動名詞,I,am,interested,in,writing,letters,to my pen pals.,I am interested in writing letters to my pen pals.,私は文通している友達に手紙を書くことに興味があるのです。
45,3年動名詞,I'm,looking,forword,to,playing,tennis,with you.,I'm looking forword to playing tennis with you.,あなたとテニスをするのを楽しみにしています。
46,3年動名詞,Thank,you,for,inviting,me,to,the party.,Thank you for inviting me to the party.,パーティーに招いてくれてありがとう。
47,3年動名詞,Would,you,mind,lendinig,me,the dictionary,for a while?,Would you mind lendinig me the dictionary for a while?,ちょっと辞書を貸してくださいませんか。
48,3年動名詞,David's buisiness,kept,him,from,attending,the,meeting.,David's buisiness kept him from attending the meeting.,仕事があってデイビットはその会合に出席できませんでした。
49,3年動名詞,I,want,you,to,finish,reading,the book in a few hours.,I want you to finish reading the book in a few hours.,私はあなたに2.3時間でその本を読み終えてほしいと思います。
50,3年接続詞,My mother,is,so,busy,that,she,can't go with us.,My mother is so busy that she can't go with us.,母はたいへん忙しいので私たちといっしょに行けません。
51,3年接続詞,Keep,running,all,the,way,and,you will be in time for the last train.,Keep running all the way and you will be in time for the last train.,ずっと走っていけば、終電に間に合います。
52,3年接続詞,Whether,he,will,succeed,or,not,depends on his efforts.,Whether he will succeed or not depends on his efforts.,彼が成功するかどうかは、彼の努力次第です。
53,3年文型,Lucy,lent,her,the,umbrella,beside,the door.,Lucy lent her the umbrella beside the door.,ルーシーはドアのそばにある傘を彼女に貸しました。
54,3年文型,Shall,I,bring,you,something,cold,to drink?,Shall I bring you something cold to drink?,何か冷たい飲み物を持ってきてあげましょうか。
55,3年文型,Mary,handed,her,fatther,a ticket,for,the concert.,Mary handed her fatther a ticket for the concert.,メアリーは彼女のお父さんに音楽会の切符を渡しました。
56,3年文型,The,old,man,always,keeps,the park,cleen.,The old man always keeps the park cleen.,その老人はいつも公園をきれいにしている。
57,3年文型,His,success,in,the,examination,made,his parents very happy.,His success in the examination made his parents very happy.,彼が試験に合格したので両親はとても喜んだ。
58,3年文型,My uncle,gave,it,to,me,for,my birsday present.,My uncle gave it to me for my birsday present.,それはおじから私への誕生日プレゼントでした。
59,3年文型,I,found,the,book,much,more,difficult,I found the book much more difficult.,その本を読んだら、思っていたよりもずっと難しかった。
60,3年文型,This,book,gave,me,some,idea,of life in England.,This book gave me some idea of life in England.,この本を読んだおかげで、イングランドの生活がいくらか分かった。
61,3年文型,Planes,have,done,much more,than,trains,and ships to make the earth a smaller place.,Planes have done much more than trains and ships to make the earth a smaller place.,飛行機は鉄道や船に比べて、地球を狭くするのにはるかに大きく貢献してきた。
62,3年受動態,Linda,was,pleased,woth,tha,present.,,Linda was pleased woth tha present.,リンダはその贈り物が気に入りました。
63,3年受動態,Her ball-point pen,was,stolen,on,the,train, yesterday.,Her ball-point pen was stolen on the train  yesterday.,彼女は昨日ボールペンを電車の中で盗まれました。
64,3年受動態,He,is,taken,care,of,my,uncle.,He is taken care of my uncle.,彼はおじの世話になっている。
65,3年受動態,Letters,must,not,be,written,in,red ink.,Letters must not be written in red ink.,手紙は赤インクで書いてはいけません。
66,3年受動態,By,whom,was,this,old,house,built?,By whom was this old house built? ,この古い家はだれが建てましたか。
67,3年受動態,The,top,of,the,moutain,was,covered with snow.,The top of the moutain was covered with snow.,その山の頂上は雪で覆われていました。
68,3年受動態,Who,was,the,lady,being,spoken,to by at the restaurant?,Who was the lady being spoken to by at the restaurant?,レストランでその婦人はだれに話しかけられていたのですか。
69,3年分詞,Cars,made,in,Japan,are,used,all over the world.,Cars made in Japan are used all over the world.,日本製の車が世界中で使われています。
70,3年分詞,This,is,the,book,chosen,by,our teacher.,This is the book chosen by our teacher.,これは私たちの先生が選んだ本です。
71,3年分詞,The baby,sleeping,in,the bed,is,six,months old.,The baby sleeping in the bed is six months old.,ベットで眠っている赤ちゃんは生まれて6か月です。
72,3年分詞,I,like,the,bag,given,to,me by my aunt.,I like the bag given to me by my aunt.,おばからいただいた鞄が気に入っています。
73,3年分詞,Do,you,know,the boy,walking,with,his hands in his pockets?,Do you know the boy walking with his hands in his pockets?,君はポケットに手を入れて歩いている男の子を知っていますか。
74,3年分詞,All,the,people,invited,to,the,party enjoyed singing songs.,All the people invited to the party enjoyed singing songs.,パーティーに招待された人々は皆、楽しんで歌を歌いました。
75,3年分詞,The,lost,child,was,returened,to,her parents.,The lost child was returened to her parents.,迷子になった子供は、両親のもとに連れ戻された。
76,3年分詞,He,left,the,engine,running,while,he was in store.,He left the engine running while he was in store. ,彼は店内にいる間エンジンをかけっぱなしにしていた。
77,3年分詞,l,found,her,waliing,with,a,rackett in her hand.,l found her waliing with a rackett in her hand.,私は彼女がラケットを手にして歩いているのに気が付いた。
78,3年関係代名詞（主格・目的格）,The,river,that,run,through,this,city are very beautiful.,The river that run through this city are very beautiful.,この市を流れている川はとても美しい。
79,3年関係代名詞（主格・目的格）,The,boy,who,is,talking,with,Ken over there is Mike.,The boy who is talking with Ken over there is Mike.,向こうで健と話している男の子はマイクです。
80,3年関係代名詞（主格・目的格）,The tall boy,who,comes,from,Osaka,is,a friend of mine.,The tall boy who comes from Osaka is a friend of mine.,大阪出身のその背の高い少年は私の友達の一人です。
81,3年関係代名詞（主格・目的格）,The,people,whom,Bill,saw,were,Japanese farmers.,The people whom Bill saw were Japanese farmers.,ビルが見た人々は日本の農家の人々でした。
82,3年関係代名詞（主格・目的格）,The steak,that,we,ate,for,lunch,was good.,The steak that we ate for lunch was good.,私たちが昼食に食べたステーキはおいしかった。
83,3年関係代名詞（主格・目的格）,Is,this,the,ring,which,you,lost?,Is this the ring which you lost?,これがあなたがなくした指輪ですか。
84,3年関係代名詞（主格・目的格）,The,cat,which,has,blue,eyes,always looks lonely.,The cat which has blue eyes always looks lonely.,その青い目をした猫はいつも寂しそうだ。
85,3年関係代名詞（主格・目的格）,She,has,never,been,to,the island,that I'm going to visit.,he has never been to the island that I'm going to visit.,彼女は私が行こうとしている島へ一回も行ったことがありません。
86,3年関係代名詞（主格・目的格）,What,can,we,do,to,help,children who live in Afghanistan?,What can we do to help children who live in Afghanistan?,アフガニスタンに住む子供たちを助けるのにわたしたちは何ができるだろうか。
87,3年関係代名詞（接触節・所有格）,Where,is,the,watch,my,uncle,gave me?,Where is the watch my uncle gave me?,叔父が私にいくれた時計はどこにいありますか。
88,3年関係代名詞（接触節・所有格）,Be,kind,to,the,childlen,whose,parents are dead.,Be kind to the childlen whose parents are dead.,両親を亡くした子供たちには優しくしてあげなさい。
89,3年関係代名詞（接触節・所有格）,He,is,the,man,whom,you,are looking for.,He is the man whom you are looking for.,彼は君が探している人だ。
90,3年関係代名詞（接触節・所有格）,The building,whose,roof,you,can,see,beyound the railroad is our church.,The building whose roof you can see beyound the railroad is our church.,線路の向こうに屋根が見えるのが、私たちの教会です。
91,3年関係代名詞（接触節・所有格）,Is,he,the,only,person,that,knows the way to the lake?,Is he the only person that knows the way to the lake?,その湖へ行く道は彼しか知らないのですか。
92,3年関係代名詞（接触節・所有格）,This,is,the,mostt,beautiful,sunset,I have ever seen.,This is the mostt beautiful sunset I have ever seen.,私はこんなにきれいな夕焼けを見たことがありません。
93,3年関係代名詞（接触節・所有格）,All,you,have,to,do,is,to do your best.,All you have to do is to do your best.,君はただ最善を尽くせばそれでよい。
94,3年間接疑問文,I,don't,know,when,John,will,leave Japan.,I don't know when John will leave Japan.,ジョンがいつ日本を発つのかわかりません。
95,3年間接疑問文,Do,you,know,if,Taro,will come,here tomorrow?,Do you know if Taro will come here tomorrow?,あなたは太郎が明日ここに来るかどうか知っていますか。
96,3年間接疑問文,I,have,no,idea,what,time,it is now.,I have no idea what time it is now.,今何時かわからない。
97,3年間接疑問文,Do,you,know,haw,far,it,is from the earth to the sun?,Do you know haw far it is from the earth to the sun?,あなたは地球から太陽までどれくらいあるか知っていますか。
98,3年間接疑問文,I,wonder,how,he,is,doing,in his school.,I wonder how he is doing in his school.,彼は新しい学校でどうしているのかしら。
99,3年間接疑問文,How,old,do,you,think,she,is.,How old do you think she is.,彼女は何歳だと思いますか。
100,3年間接疑問文,Who,do,you,think,painted,this,picture?,Who do you think painted this picture?,誰がこの絵を描いたと思いますか。
101,3年付加疑問文・否定疑問文,He,store,is,in,front,of,the station、isn't it?,The store is in front of the station, isn't it?その店は駅の前にあるのですね。
102,3年付加疑問文・否定疑問文,She,looks,like,her,mother,very,much 、doesn't she?,She looks like her mother very much, doesn't she?彼女はお母さんによく似ていますね。
103,3年付加疑問文・否定疑問文,Didn't,I,ask,you,not,to,make so much noise?,Didn't I ask you not to make so much noise?そんなにうるさくしないでって君に頼んだでしょ。,
104,3年付加疑問文・否定疑問文,You,don't,know,why,he,was,late、do you?,ou don't know why he was late, do you?あなたはなぜ彼が遅刻したか知らないのですね。
105,3年付加疑問文・否定疑問文,Why don't,we have,some coffee,at,the shop,in,front of the library?,Why don't we have some coffee at the shop in front of the library?,図書館の前の店でコーヒーを飲みませんか。
106,2年一般動詞の過去形,The,yellow,bus,stopped,in front of,our,school.,The yellow bus stopped in front of our school,その黄色いバスは、私たちの学校の前で止まりました。
107,2年一般動詞の過去形,We,talked,with,Mike,in,English,yesterday.,We talked with Mike in English yesterday.,私たちは昨日、マイクと英語で話しました。
108,2年一般動詞の過去形,Did,you,have,a,good,time,yesterday evening?,Did you have a good time yesterday evening?,あなたたちはゆうべ、楽しく過ごしましたか。
109,2年一般動詞の過去形,I,ate,some,sandwiches,for,lunch,today.,I ate some sandwiches for lunch today,わたしは今日、昼食にサンドイッチを食べました。
110,2年一般動詞の過去形,I,wrote,a,letter,to,my,aunt last night,I wrote a letter to my aunt last night.,私は昨夜、おばに手紙を書きました。
111,2年一般動詞の過去形,We,met,our,teacher,at,the,station yesterday.,We met our teacher at the station yesterday.,私たちは昨日、駅で私たちの先生に会いました。
112,2年一般動詞の過去形,She and he,didn't,say,goodbye,to,us,.,She and he didn't say goodbye to us.,彼女と彼はわたしたちにさよならを言いませんでした。
113,2年be動詞の過去形,Was,Taro,Tanaka,your,classmate,last,year?,Was Taro Tanaka your classmate last year?,彼は昨年、あなたのクラスメートだったのですか。
114,2年be動詞の過去形,The,three,questions,were,not,very,difficult.,The three questions were not very difficult.,その三問の質問はあまり難しくありませんでした。
115,2年be動詞の過去形,How,was,the,weather,in,Tokyo,yesterday?,How was the weather in Tokyo yesterday?,きのう、東京の天気はどうでしたか。
116,2年過去進行形,Two,persons,were,sitting,on,the,bench.,Two persons were sitting on the bench.,二人がそのベンチの上に座っていました。
117,2年過去進行形,Were,you,eating,good,dinner,with,frends?,Were you eating good dinner with frends?,あなたはよい夕食を友人と食べていたのですか。
118,2年過去進行形,Mike,was,not,helping,his,mother,with his brohter.,Mike was not helping his mother with his brohter.,マイクは兄とお母さんを手伝っていませんでした。
119,2年過去進行形,What,were,you,looking,for,with,your friend?,What were you looking for with your friend?,あなたは友人と何を探していましたか。
120,2年過去進行形,Who,was,using,this,computer,five,minutes ago?,Who was using this computer five minutes ago?,誰が5分前にこのコンピュータを使っていましたか。
121,2年be going to,We,are,going,to,have,a,test in English tomorrow.,We are going to have a test in English tomorrow.,私たちは明日、英語のテストがあります。
122,2年be going to,I,am,going,to,write,a,letter to my pen pal in Canada today.,I am going to write a letter to my pen pal in Canada today.,私たちは今日、カナダのペンパルに手紙を書くつもりです。
123,2年be going to,When,are,you,going,to,visite,Kyoto?,When are you going to visite Kyoto?,あなたはいつ京都を訪れるつもりですか。
124,2年be going to,What,are,you,going,to,buy,at the shop?,What are you going to buy at the shop?,あなたはその店で何を買うつもりですか。
125,2年will,It,will,be,sunny,and,good,tomorrow.,It will be sunny and good tomorrow.,明日は良い天気でいい日でしょう
126,2年will,Will,she,finish,the,work,by,12 o'clock?,Will she finish the work by 12 o'clock?,彼女は１２時までに、その仕事を終えるでしょうか。
127,2年will,Shalll,I,bring,your,big,dictionary,?,Shall I bring your big dictionary?,私があなたの大きな辞書を持ってきてあげましょうか。
128,2年will,Could,you,speak,in,Japanese,or,English?,Could you speak in Japanese or English?,日本語か英語で話してくれませんか。
129,2年will,Shall,we,watch,a,basketball,game,on TV?,Shall we watch a basketball game on TV?,テレビで野球の試合を見ましょうか
130,2年will,My brother,will,leave,for,Osaka,by,plane tomorrow morning.,My brother will leave for Osaka by plane tomorrow morning.,私の兄は明日の朝、飛行機で大阪へ発ちます。
131,2年will,How,old,will,he,be,next,year?,How old will he be next year?,彼は来年、何歳になりますか。
132,2年There is[are]….の文,There,are,thirty,students,in,my,class.,There are thirty students in my class.,私のクラスには生徒が３０人います。
133,2年There is[are]….の文,There,were,not,any,pictures,on,the wall.,There were not any pictures on the wall.,壁には１枚も写真がありませんでした。
134,2年There is[are]….の文,Is,there,a,post office,near,here,?,Is there a post office near here ?,この近くに郵便局はありますか。
135,2年There is[are]….の文,There,are,five,people,in,my,family.,There are five people in my family.,私の家族は５人です。
136,2年There is[are]….の文,There,was,a,boy,next,to,Tom.,There was a boy next to Tom.,トムの隣に男の子がいました。
137,2年There is[are]….の文,Your,pen,was,on,my,desk,.,Your pen was on my desk.,あなたのペンが私の机の上にもありました。
138,2年There is[are]….の文,There,are,no,windows,in,this,room.,There are no windows in this room.,この部屋には窓が１つもありません。
139,2年There is[are]….の文,How,many,days,are,there,in,this month?,How many days are there in this month?,今月は何日ですか。
140,2年名詞・冠詞,She,clean,her,room,twice,a,week.,She clean her room twice a week.,彼女は週に２回、自分の部屋を掃除します。
141,2年名詞・冠詞,There,was,a,piece,of,chalk,on,the,desk.机の上にチョークが１本ありました。
142,2年名詞・冠詞,Does,he,go,to,a,boy's,high school?,Does he go to a boy's high school?,彼は男子校に通っているのですか。
143,2年名詞・冠詞,She,took,care,of,the,sick,.,She took care of the sick.,彼女は病人たちの世話をしました。
144,2年代名詞,It,is,about,two,kilometers,from,here to the station.,It is about two kilometers from here to the station.,ここから駅までは２キロくらいです。
145,2年代名詞,Will,it,snow,in,New York,tomorrow,.,Will it snow in New York tomorrow.,ニューヨークでは明日、雪が降るのでしょうか。
146,2年代名詞,The man,lived,in,a,large,house,by himself.,The man lived in a large house by himself.,その男の人は大きな家に１人で住んでいました。
147,2年代名詞,Both,of,my,parents,play,tennis,well.,Both of my parents play tennis well.,私の両親は２人ともテニスが上手です。
148,2年代名詞,Either,of,us,has,to,take,care of the child.,Either of us has to take care of the child.,私たちのどちらかが、その子供の世話をしなければなりません。
149,2年代名詞,Each,of,the,countries,has,its,own culture.,Each of the countries has its own culture.,国にはそれぞれ独自の文化があります。
150,2年代名詞,I,found,nothing,in,the,box,.,I found nothing in the box.,その箱の中には何も入っていませんでした。
151,2年形容詞・副詞,He,has,a,few,friends,in,Canada.,He has a few friends in Canada.,彼にはカナダに数人の友達がいます。
152,2年形容詞・副詞,We,had,little,rain,last,week,.,We had little rain last week.,先週は雨がほとんど降りませんでした。
153,2年形容詞・副詞,My,mother,is,a,very,good,cook.,My mother is a very good cook.,私の母はとても料理が得意です。
154,2年形容詞・副詞,Almost,all,the,students,in,this class,watched the movie,Almost all the students in this class watched the movie.,このクラスのほとんどの生徒がその映画を見ました。
155,2年形容詞・副詞,Few,people,knew,his,name,yesterday,.,Few people knew his name.,彼の名前を知っている者は昨日ほとんどいませんてした。
156,2年形容詞・副詞,Every,boy,in,our class,likes,baseball,.,Every boy in our class likes baseball.,私たちのクラスの男の子はだれもみんな野球が大好きです。
157,2年形容詞・副詞,My father,came,home,late,last,night,.,My father came home late last night.,父は昨夜遅く帰宅しました。
158,2年形容詞・副詞,She,always,drives,a,car,very,carefully.,She always drives a car very carefully.,彼女はいつも、とても注意深く車を運転します。
159,2年文型,We,are,going,to,call,the,cat Shiro.,We are going to call the cat Shiro.,私たちはその猫をシロと呼ぶつもりです。
160,2年文型,They,named,their,son,Taro,yesterday,.,They named their son Taro yesterday.,彼らは息子を太郎と名付けました。
161,2年文型,The,news,will,make,him,haappy,.,The news will make him haappy.,そのニュースは彼を喜ばせるでしょう。
162,2年文型,I,will,make,my,son,a,doctor.,I will make my son a doctor.,私は息子を医者にしようと思っています。
163,2年文型,You,must,always,keep,your,room,clean.,You must always keep your room clean.,君はいつも自分の部屋をきれいにしておかなければなりません。
164,2年文型,My,mother,is,a,very,good,violinist.,My mother is a very good violinist.,私の母はとても上手にバイオリンを演奏します。
165,2年文型,Will,you,bring,a,cup,of,tea to me?,Will you bring a cup of tea to me?,私に1杯の紅茶を持ってきてくれませんか。
166,2年文型,I'm,going,to,buy,some,pretty,flowers for her.,I'm going to buy some pretty flowers for her.,私は彼女にきれいな花を買うつもりです。
167,2年文型,He,often,tells,us,interesting,stories,.,He often tells us interesting stories.,彼はよく私たちに面白い話をしてくれます。
168,2年文型,He,is,going,to,make,his,son a doctor.,He is going to make his son a doctor.,彼は息子を医者にするつもりです。
169,2年文型,Your,words,will,make,him,angry,.,Your words will make him angry.,彼は君の言葉を聞いたら起こるでしょう。
170,2年文型,What,do,you,call,this,animal,in English?,What do you call this animal in English?,この動物を英語で何と言いますか。
171,2年不定詞(基本3用法）,His,wish,is,to,be,a,great scientist.,His wish is to be a great scientist.,僕の望みは偉大な科学者になることです。
172,2年不定詞(基本3用法）,I,went,to,the,airport,to,see my sister off.,I went to the airport to see my sister off.,私は姉を見送りに空港へ行きました。
173,2年不定詞(基本3用法）,I,was,very,happy,to,hear,from you.,I was very happy to hear from you.,私はあなたからお便りをもらってとてもうれしかった。
174,2年不定詞(基本3用法）,There,were,a lot of,things,to,see,in the museum.,There were a lot of things to see in the museum.,その博物館には、見るべきたくさんのものがありました。
175,2年不定詞(基本3用法）,To,drive,a,car,is,very,difficult for my mother.,To drive a car is very difficult for my mother.,車を運転することは私の母にとって、とても難しい。
176,2年不定詞(基本3用法）,My,father,gave,me,a lot of,interesting,books to read.,My father gave me a lot of interesting books to read.,父は読むべきたくさんの面白い本を私にくれました。
177,2年不定詞(基本3用法）,We,were,very,surprised,to,see,the accident.,We were very surprised to see the accident.,その事故を目撃して、私たちはとても驚きました。
178,2年不定詞(基本3用法）,Is,there,anything,to,eat,in,the fridge?,Is there anything to eat in the fridge?,冷蔵庫に何か食べるものが入っていますか。
179,2年不定詞(基本3用法）,Will,you,have,something,hot,to,drink?,Will you have something hot to drink?,何か温かい飲みものはいかがですか。
180,2年不定詞(基本3用法）,I,tried,not,to,break,the,expensive dishes.,I tried not to break the expensive dishes.,私はその高価な皿を割らないように努めました。
181,2年不定詞(基本3用法）,I,dicided,to,be,a,doctor,to help poor people.,I dicided to be a doctor to help poor people.,私は貧しい人々を助けるために医者になる決心をしました。
182,2年不定詞(基本3用法）,He,must,be,very,careful,not,to make any mistake.,He must be very careful not to make any mistake.,1つも間違えないなんて、彼はとても注意深いに違いありません。
183,2年動名詞,Speaking,good,English,needs,a,lot,of practice.,Speaking good English needs a lot of practice.,良い英語を話すにはたくさんの練習が必要です。
184,2年動名詞,Thank,you,for,coming,to,the,party.,Thank you for coming to the party.,パーティーにおいでいただいて、ありがとうございます。
185,2年動名詞,Would,you,mind,my,using,your,telephone?,Would you mind my using your telephone?,電話を拝借してもよろしいですか。
186,2年動名詞,Walking,every day,makes,your,body,strong,.,Walking every day makes your body strong.,毎日歩くとあなたの体は丈夫になります。
187,2年動名詞,My,brohter,left,home,without,having,breakfast.,My brohter left home without having breakfast.,私の兄は朝食をとらずに家を出ました。
188,2年動名詞,Did,you,finish,writing,an e-mail,to,your friends?,Did you finish writing an e-mail to your friends?,あなたは友達への電子メールを書き終えたのですか。
189,2年動名詞,My father,is,very,fond,of,playing,golf on Sundays.,My father is very fond of playing golf on Sundays.,私の父は日曜日にゴルフをするのが大好きです。
190,2年動名詞,How,about,swimming,in,the sea,after,lunch?,How about swimming in the sea after lunch?,昼食の後、海で泳ぐのはどうですか。
191,2年不定詞を含む構文,My,sister,wants,to,learn,how,to drive a car.,My sister wants to learn how to drive a car.,私の姉は車の運転の仕方を習いたがっています。
192,2年不定詞を含む構文,In,case,of,earthquake,do,you,know what to do first?,In case of earthquake do you know what to do first?,あなたは地震が起こった場合、最初に何をすべきか知っていますか。"
193,2年不定詞を含む構文,Please,tell,me,when,to,return,this book.,Please tell me when to return this book.,この本をいつ返せばよいのか私に教えてください。
194,2年不定詞を含む構文,When,did,you,learn,how,to,make a cake?,When did you learn how to make a cake?,君はいつケーキの作り方を習ったのですか。
195,2年不定詞を含む構文,He,didn't,know,where,to,go,to buy a map of this town.,He didn't know where to go to buy a map of this town.,彼はこの町の地図を買うのに、どこへ行ったらよいか知りませんでした。
196,2年不定詞を含む構文,It,is,good,for,our,health,to get up early.,It is good for our health to get up early.,早起きは健康によい。
197,2年不定詞を含む構文,It,is,impossible,for,us,to,stay in the water for such a long time.,It is impossible for us to stay in the water for such a long time.,そんなに長い間水中にいることは私たちには無理です。
198,2年不定詞を含む構文,My father,doesn't,want,me,to,be,a singer.,My father doesn't want me to be a singer.,父は私に歌手になってほしくないと思います。
199,2年不定詞を含む構文,The,stone,is,too,heavy,for,me to lift.,The stone is too heavy for me to lift.,その石はとても重いので私には持ち上げられません。
200,2年不定詞を含む構文,I,told,Susan,not,to,go,out alone.,I told Susan not to go out alone.,私はスーザンに1人で外に出ないように言いました。
201,2年不定詞を含む構文,Will you,tell,me,which,train,to,take?,Will you tell me which train to take?,どの列車に乗ったらいいか私に教えてくれませんか。
202,2年不定詞を含む構文,Ken,was,kind,enough,to,help,me with my homework.,Ken was kind enough to help me with my homework.,健は親切にも私の宿題を手伝ってくれました。
203,2年不定詞を含む構文,My,sister,is,not,old,enough,to go to school.,My sister is not old enough to go to school.,私の妹はまだ学校に通う年ではありません。
204,2年不定詞を含む構文,It,is,interesting,to,use,a,computer.,It is interesting to use a computer.,コンピュータを使うのは面白い。
205,2年不定詞を含む構文,It,is,difficult,for,Jim,to,read the book through in a day.,It is difficult for Jim to read the book through in a day.,ジムがその本を1日で読み終えるのは難しい。
206,2年不定詞を含む構文,It,is,dangerous,for,little,children,to swim here.,It is dangerous for little children to swim here.,小さい子供がここで泳ぐのは危険です。
207,2年不定詞を含む構文,It,is,not,easy,for,me,to solve the problem.,It is not easy for me to solve the problem.,私がその問題を解くのは容易ではありません。
208,2年不定詞を含む構文,It,is,necessary,for,you,to,learn a foreign language.,It is necessary for you to learn a foreign language.,あなたがたは外国語を学ぶことが必要です。
209,2年不定詞を含む構文,It,is,impossible,for,her,to,carry the big baggage.,It is impossible for her to carry the big baggage.,彼女がその大きな荷物を運ぶのは不可能です。
210,2年命令文,Don't,come,into,the room,without,a,knock.,Don't come into the room without a knock.,ノックをしないで部屋に入ってきてはいけません。
211,2年命令文,Hurry,up,or,you,will,be,late.,Hurry up or you will be late.,急ぎなさい、さもないと遅れちゃうわよ。
212,2年命令文,Study,hard,and,you,will,get,good marks in the test.,Study hard and you will get good marks in the test.,一生懸命勉強すれば試験でよい点数が取れるでしょう。
213,2年命令文,Please,say,hello,to,Mr.White,for,me.,Please say hello to Mr.White for me.,ホワイト先生によろしくお伝えください。
214,2年感嘆文,How,fast,that,bird,is,flying,!,How fast that bird is flying!,あの鳥は何と早く飛んでいることでしょう。
215,2年感嘆文,What,a,good,speaker,of,Japanese,Tom is.,What a good speaker of Japanese Tom is.,トムはなんて日本語を話すのがうまいのでしょう。
216,2年感嘆文,What,beautifil,picture,there,are,on,the wall!,What beautifil picture there are on the wall!,何と美しい絵が壁にかかっているのでしょう。
217,2年疑問詞,What,time,is,it,now,by,your watch?,What time is it now by your watch?,君の時計では今、何時ですか。
218,2年疑問詞,Which,month,comes,between,June,and,August?,Which month comes between June and August?,6月と8月の間にくるのはどの月ですか。
219,2年疑問詞,What,language,are,they,learning,at,school?,What language are they learning at school?,彼らは学校で何語を学んでいるのですか。
220,2年疑問詞,Which,way,shall,we,go,there,?,Which way shall we go there?,私たちはどちらの道を行きましょうか。
221,2年疑問詞,What,kind,of,music,do,you,like?,What kind of music do you like?,君はどんな種類の音楽が好きですか。
222,2年接続詞,It,began,to,rain,when,I,left home.,It began to rain when I left home.,私が家を出たとき、雨が降り出しました。
223,2年接続詞,I,was,doing,my,homework,when,he came.,I was doing my homework when he came.,彼が来たとき、私は宿題をしているところでした。
224,2年接続詞,When,I,came,home,my,brother,was watching TV.,When I came home my brother was watching TV.,私が帰宅したとき、弟はテレビを見ていました。
225,2年接続詞,When,I,was,a,little,boy,I wanted to be a scientist.,When I was a little boy I wanted to be a scientist.,私は子供のころ、科学者になりたいと思っていました。
226,2年接続詞,When,I,got,up,this,morning,it was snowing.,When I got up this morning it was snowing.,私が今朝起きたとき、雪が降っていました。
227,2年接続詞,When,he,was,a,college,student,he learned French.,When he was a college student he learned French.,彼は大学生の時、フランス語を学びました。
228,2年比較,Taro speaks English,better,than,any,other,student,in his class.,Taro speaks English better than any other student in his class.,太郎はクラスのほかのどの生徒よりも上手に英語を話します。
229,2年比較,Lake Biwa is,larger,than,any,other,lake,in Japan.,Lake Biwa is larger than any other lake in Japan.,琵琶湖は日本のほかのどの湖より大きい。
230,2年比較,He is,three,years,younger,than,I,am.,He is three years younger than I am.,彼は私より3歳若い。
231,2年比較,Roy was able to,jump,20 centimeters,higher,than,I,was.,Roy was able to jump 20 centimeters higher than I was.,ロイは私より20㎝高く飛ぶことができました。
232,2年比較,Nothing,is,more,exciting,than,movies,for me,Nothing is more exciting than movies for me,私にとって映画ほどワクワクするものはありません。
233,2年比較,No,one,in,this,town,is,richer than he is.,No one in this town is richer than he is.,この町で彼よりお金持ちの人はだれもいません。
234,2年比較,No,other,girl,in this class,can,sing,better than she can.,No other girl in this class can sing better than she can.,このクラスに彼女ほど上手に歌える女の子はいません。
235,2年比較,He is,one,of,the,most,popular,singers in Japan.,He is one of the most popular singers in Japan.,彼は日本で最も人気のある歌手の一人です。
236,2年比較,Kyoto is,one,of,the,oldest,cities,in Japan.,Kyoto is one of the oldest cities in Japan.,京都は日本で最も古い都市のうちの一つです。
237,2年比較,Try,to,hard,study,as,hard,as you can.,Try to hard study as hard as you can.,できるだけ一生懸命英語を勉強するようにしなさい。
238,2年比較,He,has,about,ten,times,as,many book as I do.,He has about ten times as many book as I do.,彼は私の約10倍多くの本を持っています。
239,2年比較,Mt.Fuji is,one,of,the,most,beautiful,mountains in Japan.,Mt.Fuji is one of the most beautiful mountains in Japan.,富士山は日本で最も美しい山のうちの1つです。
240,2年比較,I,like,strawberries,better,than,any,other fruit.,I like strawberries better than any other fruit.,私は果物の中ではイチゴが一番好きです。
241,2年比較,No,other,student,in,the,class,was so tall as Ken.,No other student in the class was so tall as Ken.,健はクラスで一番背が高かった。
242,2年比較,Nothing,is,so,pleasant,as,reading,.,Nothing is so pleasant as reading.,読書ほど楽しいものはありません。
243,2年比較,There,is,nothing,more,important,than,good health.,There is nothing more important than good health.,健康であることより大切なことはありません。
244,2年前置詞,There,was,a,clock,on,the,wall.,There was a clock on the wall.,壁に時計がかかっていました。
245,2年前置詞,A man,with,a dog,was,sitting,on,the banch.,A man with a dog was sitting on the banch.,犬を連れた人がベンチに座っていました。
246,2年前置詞,Last week she,worked,hard,until,late,at,night.,Last week she worked hard until late at night.,先週、彼女は夜遅くまで一生懸命勉強しました。
247,2年前置詞,I,can't,read,the book,without,using,the dictionary.,I can't read the book without using the dictionary.,その本は辞書なしでは僕には読めません。
248,2年前置詞,She said goodbye,with,tears,in,her,eyes,.,She said goodbye with tears in her eyes.,彼女は目に涙を浮かべてさよならを言いました。
249,2年受動態,This,interesting,poster,was,made,by,some Chinese children.,This interesting poster was made by some Chinese children.,この面白いポスターは何人かの中国の子供たちによって作られました。
250,2年受動態,Both,English,and,French,are,spoken,in Canada.,Both English and French are spoken in Canada.,カナダでは英語とフランス語の両方が話されます。
251,2年受動態,We,will,be,invited,to,Jack's,birthday party.,We will be invited to Jack's birthday party.,私たちはジャックの誕生パーティーに招待されるでしょう。
252,2年受動態,No,student,could,be,seen,in,the classroom.,No student could be seen in the classroom.,教室の中には生徒は見当たりませんでした。
253,2年受動態,Answers,must,not,be,written,with,a pencil.,Answers must not be written with a pencil.,答えは鉛筆で書いてはいけません。
254,2年受動態,Who,will,this,classroom,be,cleaned,by?,Who will this classroom be cleaned by?,この教室の掃除はだれがしますか。
255,2年現在完了,I,haven't,seen,you,for,a,long time.,I haven't seen you for a long time.,久しぶりですね。
256,2年現在完了,Two years,have,passed,since,Kuro,come,to my home.,Two years have passed since Kuro come to my home.,クロが家に来てから2年になります。
257,2年現在完了,I,have,never,seen,such,a,beautiful girl.,I have never seen such a beautiful girl.,今までにこんなに美しい少女を見たことがありません。
258,2年現在完了,Have,you,ever,kept,a,diary,in English?,Have you ever kept adiary in English?,英語で日記をつけたことがありますか。
259,2年現在完了,How,long,have,you,wanted,to,be a teacher?,How long have you wanted to be a teacher?,あなたはいつから先生になりたいと思っているのですか。
260,2年現在完了,How,many,times,have,you,been,to America?,How many times have you been to America?,アメリカに何度行ったことがありますか。
261,高校第一文型,Do,you,often,talk,to,your,friends?, Do you often talk to your friends ?,あなたは友達とよく話しますか？
262,高校第一文型,The,deep,red,door,closes,very,quietly., The deep red door closes very quietly .,そのドアは静かに閉じます。
263,高校第一文型,She,gets,up,at,five,in,the morning,. She gets up at five in the morning .,彼女は朝五時に起きます。
264,高校第一文型,My,small,cats,do,not,move,quickly,. My small cats do not move quickly .,わたしの猫たちは素早く動きません。
269,高校第三文型,We,have,a,lot,of,big,computers,. We have a lot of big computers .,私たちはたくさんの大きなコンピューターを持っています。
270,高校第三文型,My,uncle,likes,small,dogs,very,much,. My uncle likes small dogs very much .,私のおじさんは小さな犬がとても好きです。
272,高校第三文型,Does,your,father,eat,a,lot,?, Does your father eat a lot ?,あなたのおじさんはよく食べますか？
273,高校第四文型,Please,tell,me,the,way,to,the station.,Please tell me the way to the station.,駅までの道を教えてください。
274,高校第四文型,They,gave,you,a,key,to,their room.,They gave you a key to their room.,彼らはあなたに彼らの部屋の鍵をあげました。
275,高校第四文型,I,sent,an,e-mail,to,my,cousin.,I sent an e-mail to my cousin.,私はいとこにメールを送りました。
276,高校第四文型,Did,you,ask,him,any,questions,?,Did you ask him any questions?,あなたは彼に質問しましたか？
278,高校第五文型,Very,big,roller,coasters,make,me,excited.,Very big roller coastersmake me excited.,ジェットコースターは私を興奮させます
279,高校第五文型,He,doesn't,leave,his,room,messy,.,He doesn't leave his room messy.,彼は自分の部屋を散らかったままにしません。
282,高校現在形,Do,you,study,English,at,home,?,Do you study English at home?,あなたは家で英語を勉強しますか？
283,高校現在形,They,don't,have,any,problems,at,school.,They don't have any problems at school.,彼らは学校で何の問題もありません。
284,高校現在形,Tokyo,is,a,big,and,exciting,city,.Tokyo is a big and exciting city.,東京は大きくて楽しい街です。
285,高校過去形,Izumi,was,a,good,swimmmer,in,her childfood.,Izumi was a good swimmmer in her childfood.,子供のころ、いずみは水泳が得意でした。
286,高校過去形,I,did,my,homework,at,the,library yesterday,.I did my homework at the library yesterday.,私は昨日、図書館で宿題をしました。
287,高校過去形,Did,they,go,to,see,a,movie last week ?,Did they go to see a movie last week ?,彼らは先週、映画を見に行きましたか？
288,高校過去形,We,didn't,buy,anything,at,the,supermarket yesterday.,We didn't buy anything at the supermarket yesterday.,私たちは昨日、スーパーで何も買いませんでした。
289,高校現在完了形,Atsuko,is,going,to,visit,Paris,next week.,Atsuko is going to visit Paris next week.,あつこは来週パリを訪れる予定です。
290,高校現在完了形,I,think,it,will,be,sunny,the day after tomorrow.,I think it will be sunny the day after tomorrow.,明後日は晴れると思います。
291,高校現在完了形,He isn't,going,to,buy,a,new,car because he has one.,He isn't going to buy a new car because he has one.,彼は車を一台持っているので、新しい車は買わないでしょう。
292,高校現在完了形,Will,you,come,back,to,Japan,in the future.,Will you come back to Japan in the future.,あなたは将来、日本に戻ってきますか？
293,高校現在完了形の用法,Nana,and,her,family,have,moved,three times.,Nana and her family have moved three times.,ななと彼女の家族は三度引越ししたことがあります。
294,高校現在完了形の用法,I,have,never,eaten,that,food,.,I have never eaten that food.,私はその食べ物を一度も食べたことがありません。
295,高校現在完了形の用法,Have,you,ever,been,to,Egypt,?,Have you ever been to Egypt?,あなたはエジプトに行ったことがありますか？
296,高校現在完了形の用法,I,haven't,talked,to,him,before,.,I haven't talked to him before.,私は以前に彼と話したことはありません。
297,高校現在完了形の用法,I,have,studied,English,for,twenty,years in Japan.,I have studied English for twenty years in Japan.,私は日本で0年間英語を勉強しています。
298,高校現在完了形の用法,His,brother,has,not,finished,his,homework yet.,His brother has not finished his homework yet.,私の弟はまだ宿題を終えていません。
299,高校現在完了形の用法,I,have,not,seen,him,for,a while.,I have not seen him for a while.,私は彼にしばらく会っていません。
300,高校現在完了形の用法,Has,she,written,to,her,mother,yet?,Has she written to her mother yet?,彼女はお母さんにもう手紙を書きましたか？
301,高校過去完了形,They,had,already,left,before,Mr. Ueno,arrived there.,They had already left before Mr. Ueno arrived there.,上野さんがそこに着く前に、彼らはすでに帰ってしまっていた。
302,高校過去完了形,She,had,never,spoken,French,until,then.,She had never spoken French until then.,彼女はその時まで、フランス語を一度も話したことがありませんでした。
303,高校過去完了形,He,had,struggled,for,years,before,his dream finally came true.,He had struggled for years before his dream finally came true.,彼の夢がかなう前、彼は長年、苦労してきました。
304,高校過去完了形,I,knew,the story,very,well,because,I had read it before.,I knew the story very well because I had read it before.,以前に読んだことがあったので、私はその話をよく知っていました。
305,高校未来完了形,He,will,have,finished,his homework,by,p.m.tonight.,He will have finished his homework by  p.m. tonight.,今夜時までに宿題を終えているでしょう。
306,高校未来完了形,We,will,have,been,married,for,five years next week.,We will have been married for five years next week.,私たちは来年で結婚周年です。
307,高校未来完了形,Will,you,have,completed,your,report,before the meeting.,Will you have completed your report before the meeting.,あなたは会議の前までにレポートを完成させていますか？
308,高校未来完了形,We,won't,have,finished,the,repairs,before the race because we are buisy now.,We won't have finished the repairs before the race because we are buisy now.,私たちは今忙しいので、修理をレースの前に終えていないでしょう。
309,高校現在進行形,We,are,arriving,at,Narita,Airport,at p.m. tonight.,We are arriving at Narita Airport at p.m. tonight.,私たちは今夜時に成田空港に到着します。
310,高校現在進行形,Mr.MIyagawa,wants,a,new,suit,for,the interview.,Mr.MIyagawa wants a new suit for the interview.,宮川さんんはその面接のために新しいスーツを欲しがっています。
311,高校現在進行形,Nick,knows,a,lot,about,Japanese,food.,Nick knows a lot about Japanese food.,ニックは日本の食べ物について多くのことを知っています。
312,高校現在進行形,He,is,not,coming,to,our,party tomorrow.,He is not coming to our party tomorrow.,彼は明日、私たちのパーティーにこないでしょう。
313,高校過去進行形・未来進行形,I,was,watching,Tv,when,she,come to my house.,I was watching Tv when she come to my house.,彼女が私の家に来た時、私はテレビを見ていました。
314,高校過去進行形・未来進行形,The,boy,was,sleeeping,in,the,bed then.,The boy was sleeeping in the bed then.,その少年はその時ベッドで寝ていました。
315,高校過去進行形・未来進行形,I,will,be,attending,the,class,at p.m. tomorrow.,I will be attending the class at p.m. tomorrow.,私は明日の時にその授業に出席しているでしょう。
316,高校過去進行形・未来進行形,Will,he,be,leaving,here,at,this time next week?,Will he be leaving here at this time next week?,私は来週のこの時間にここを出発することになっていますか？
317,高校現在完了進行形,He,has,been,trying,to,call,his client for a week.,He has been trying to call his client for a week.,一週間、彼はお客さんに電話をかけようとし続けています。
318,高校現在完了進行形,I,have,been,studying,for,about,three hours.,I have been studying for about three hours.,私は三時間くらいずっと勉強しています。
319,高校現在完了進行形,It,has,been,raining,since,the,day before yesterday.,It has been raining since the day before yesterday.,おとといから雨が降り続いています。
320,高校現在完了進行形,Have,you,been,waiting,here,for,two houes.,Have you been waiting here for two houes.,あなたはここで時間待ち続けているのですか？
321,高校助動詞,THey,will,not,arrive,by, p.m.,due to traffic.,THey will not arrive by  p.m. due to traffic.,彼らは渋滞のせいで時までに到着しないでしょう。
322,高校助動詞,That,drug store,must,sell,headache,medichine,.,That drug store must sell headache medichine.,あの薬局は頭痛薬を売っているにちがいありません。
323,高校助動詞,The,rumor,about,the,celebirity,couple,may be true.,The rumor about the celebirity couple may be true.,その有名人カップルの噂は本当かもしれません。
324,高校助動詞,They,should,be,having,lunch,now,.,They should be having lunch now.,彼らは今、昼食を食べているはずです。
325,高校助動詞,He,may,be,driving,to,work,now.,He may be driving to work now.,彼は今、仕事へ向かうために運転しているかもしれません。
326,高校助動詞,This,room,can,be,used,by,anyone in this club.,This room can be used by anyone in this club.,この部屋は、このクラブの誰によっても使われることができます。
327,高校助動詞,It,must,have,been,very,hard,for you.,It must have been very hard for you.,それはあなたにとって、とてもつらいことだったに違いありません。
328,高校不定詞,We,went,to,America,to,learn,practical English.,We went to America to learn practical English.,私たちは実践的な英語を学ぶためにアメリカに行きました。
329,高校不定詞,He,got,enough,money,to,travel,around the world.,He got enough money to travel around the world.,彼は世界中を旅行するための十分なお金を手に入れました。
330,高校不定詞,To,sleep,well,is,important,for,me.,To sleep well is important for me.,よく眠ることは、私にとって重要なことです。
331,高校不定詞,Did,you,go,there,to,meet,him?,Did you go there to meet him?,彼に会うためにそこに行ったのですか？
332,高校不定詞,It,is,interesting,for,us,to,learn the dirrerences between English and Japanese.,It is interesting for us to learn the dirrerences between English and Japanese.,私たちが英語と日本語の違いを学ぶのは興味深いです。
333,高校不定詞,It,is,too,dangerous,for,children,to swim in this river.,It is too dangerous for children to swim in this river.,子供たちがこの川で泳ぐのは危険すぎます。
334,高校不定詞,It,wasn't,boring,for,them,to,listen to this lecture.,It wasn't boring for them to listen to this lecture.,彼らがこの講義を聴くことは退屈ではありませんでした。
335,高校不定詞,It,is,easy,for,you,to,read five bokks a day.,It is easy for you to read five bokks a day.,あなたが一日に冊の本を読むことは簡単ですか？
336,高校不定詞,Her,parents,want,her,to,go,abroad.,Her parents want her to go abroad.,彼女の両親は彼女が海外へ行くことを望んでいます。
337,高校不定詞,The,doctor,advised,me,to,eat,more vegetables.,The doctor advised me to eat more vegetables.,医者は私にもっと野菜を食べるように助言しました。
338,高校不定詞,Can,you,help,me,put,these,boxes on the shelf?,Can you help me put these boxes on the shelf?,これらの箱を棚に乗せるのを手伝ってくれますか？
339,高校不定詞,I,did,not,expect,him,to,be here!,I did not expect him to be here!,彼がここにいるなんて期待していませんでした！
340,高校不定詞,It,is,frustrating,not,to,be,able to do what I want to do.,It is frustrating not to be able to do what I want to do.,わたしのしたいことができないのはもどかしいです。
341,高校不定詞,The,students,seemed,to,be,paying,attention to the lecture.,The students seemed to be paying attention to the lecture.,生徒たちはその講義に注意を払っているようでした。
342,高校不定詞,To,be,exact、,he,arrived,at,the station at 10:00.,To be exact、he arrived at the station at 10:00.,正確に言うと、彼は10時00分に駅に到着しました。
343,高校不定詞,It,is,strange,not,to,eat,breakfast.,It is strange not to eat breakfast.,朝食を食べないのはおかしなことですか？
344,高校不定詞,These,buildings,seem,to,have,been,used in the 10th century.,These buildings seem to have been used in the 10th century.,これらの食べ物は10世紀に使われていたようです。
345,高校不定詞,We,were,made,to,sit,on,the floor for three hours.,We were made to sit on the floor for three hours.,私たちは時間、床に座らされていました。
346,高校不定詞,He,did,not,want,to,be,bothered on his vacation.,He did not want to be bothered on his vacation.,彼は休暇中にじゃまされたくありませんでした。
347,高校不定詞,Was,Mary,glad,to,have,been,able to help you?,Was Mary glad to have been able to help you?,メアリーはあなたを助けることができたことを喜んでいましたか？
348,高校動名詞,Would,you,mind,my,practicing,the,violin there.,Would you mind my practicing the violin there.,ここでバイオリンの練習をしてもいいですか？
349,高校動名詞,He,is,proud,of,having,passed,the examination.,He is proud of having passed the examination.,彼は試験に合格したことを誇りに思っています。
350,高校動名詞,I,don't,like,being,disturbed,while,studying.,I don't like being disturbed while studying.,私は勉強中に邪魔されたくありません。
351,高校動名詞,We,expected,to,see,you,yesterday,.,We expected to see you yesterday.,昨日あなたに会うのを期待していました。
352,高校動名詞,I,have,just,finished,cooking,dinner,.,I have just finished cooking dinner.,私はちょうど夕食を作り終えたところです。
353,高校動名詞,His,doctor,advised,him,to,give,up smoking at once.,His doctor advised him to give up smoking at once.,医者は彼にたばこを吸うのをすぐにやめるよう助言した。
354,高校動名詞,Have,you,decided,to,go,to,the party next week?,Have you decided to go to the party next week ?,来週のパーティーに行くことを決めましたか？
355,高校分詞,Can,you,see,the,girl,singing,over there?,Can you see the girl singing over there?,あそこで歌っている女の子が見えますか？
356,高校分詞,I,found,some,girls,excited,to,see a famous model on the street.,I found some girls excited to see a famous model on the street.,通りで有名なモデルに会って興奮した少女たちを、私は見つけました。
357,高校分詞,I,don't,know,the,man,wating,in front of the bookstore.,I don't know the man wating in front of the bookstore.,書店の前で待っている男性を私は知りませんでした。
358,高校分詞,The,broken,window,was,replaced,with,a new one.,The broken window was replaced with a new one.,割れた窓は新しいものに取り換えられました。
359,高校分詞,My,mother,heared,me,singing,in,the shower.,My mother heared me singing in the shower.,私がシャワーを浴びながら歌っているのを、母は聞いていました。
360,高校分詞,I,had,to,have,my,computer,repaired as soon as posssible.,I had to have my computer repaired as soon as posssible.,私はできるだけ早くコンピューターを修理してもらわねばなりませんでした。
361,高校分詞,We,couldn't,hear,our,songs,played,at the party.,We couldn't hear our songs played at the party.,私たちはパーティーで自分たちの曲が演奏しているのを聞けませんでした。
362,高校分詞,They,kept,studying,English,until,midnight,.,They kept studying English until midnight.,彼らは夜中まで英語を勉強し続けていました。
363,高校分詞構文,Opening,the,window,he,found,his,brother runnning down the street.,Opening the window he found his brother runnning down the street.,窓を開けると、彼は自分の兄が通りを走っていくのを見かけました。
364,高校分詞構文,Surrounded,by,the,defence,the,striker,passed the ball.,Surrounded by the defence the striker passed the ball.,ディフェンスに囲まれて、そのストライカーはボールをパスしました。
365,高校分詞構文,Not,knowing,the,result,I,asked,him about the game.,Not knowing the result I asked him about the game.,結果を知らなかったので、私は彼に試合について尋ねました。
366,高校分詞構文,Having,lost,his,cell phone,he,looked,for a public phone.,Having lost his cell phone he looked for a public phone.,携帯電話を無くしたので、彼は公衆電話を探しました。
367,高校分詞構文,Not,having,been,here,before,I,lost my way.,Not having been here before I lost my way.,以前にここに来たことがないので、私は道に迷いました。
368,高校分詞構文,Having,been,approaved,by,the committee、,the report,was published.,Having been approaved by the committee、 the report was published.,委員会に承認されて、そのレポートは公表されました。
369,高校分詞構文,While,watching,a movie、,he,fell,asleep,.,While watching a movie、he fell asleep.,映画を見ている間、彼は眠ってしまいました。
370,高校分詞構文,While,waiting,for,the bus、,she,texted,her friend.,While waiting for the bus、she texted her friend.,バスを待っている間、彼女は友達にメールしました。
371,高校分詞構文,The snow,beginning,to,fall、,I,decided,to ride my bike.,The snow beginning to fall、I decided to ride my bike.,雪が降り出したので、私は自転車に乗るのをやめることにしました。
372,高校分詞構文,He,listened,to,me,with,his arms,crossed.,He listened to me with his arms crossed.,彼は腕組みしながら、私の話を聞いていました。
373,高校分詞構文,Weather,permitting、,we,wil,go,on,a picnic this weekend.,Weather permitting、we wil go on a picnic this weekend.,天候が許せば、私たちは今週末にピクニックに行く予定です。
374,高校仮定法,If,I,had,wings、,I,could,fly in the sky.,If I had wings、I could fly in the sky.,もしわたしに羽があれば、空を飛べるのに。
375,高校仮定法,If,I,had,a long vacation、,I,would,travel to Finland.,If I had a long vacation、I would travel to Finland.,もし私に長い休みがあれば、フィンランドに旅行するのに。
376,高校仮定法,If,I,couldn't,speak,English、,I,wouldn't be able to talk with you.,If I couldn't speak English、I wouldn't be able to talk with you.,もし私が英語を話せないなら、あなたと話ができないでしょう。
377,高校仮定法,What,would,you,do,if,you,lived in Okinawa.,What would you do if you lived in Okinawa.,もし沖縄に住んでいたら、何をしますか？
378,高校仮定法,If,he,had,bought,a ticket,yesterday、,he could see this movie now.,If he had bought a ticket yesterday、he could see this movie now.,もし彼が昨日チケットを買っていたら、今この映画を見られるのに。
379,高校仮定法,If,I,hadn't,decided,to,attend,this university、I couldn't have met you.,If I hadn't decided to attend this university、I couldn't have met you.,もしあの時この大学に入ると決めなかったら、あなたに会えなかったでしょう。
380,高校仮定法,If,it,had,not,snowed,heavily,yesterday、I could play tennis now.,If it had not snowed heavily yesterday、I could play tennis now .もし昨日大雪が降らなかったら、今テニスができるのに。
381,高校仮定法,I,wish,there,were,30,hours,in a day.,I wish there were 30 hours in a day.,一日に三十時間あればなあ。
382,高校仮定法,A little girl,is,runnning,after,a pigeon,as,if she were a cat.,A little girl is runnning after a pigeon as if she were a cat.,少女はまるで猫になったかのように、鳩を追いかけています。
383,高校仮定法,If,you,should,go,to,the,party、say hello to Akane.,If you should go to the party 、say hello to Akane.,もしもパーティーに行くことがあったら、あかねによろしく伝えてください。
384,高校仮定法,He,behaved,as,if,he,had,not eaten the cookie.,He behaved as if he had not eaten the cookie.,彼はそのクッキーを食べていなかったかのように振る舞いました。
385,高校仮定法,If,it,were,not,for,recent,technology、most people couldn't work at home.,If it were not for recent technology 、most people couldn't work at home.,最近のテクノロジーがなければ、ほとんどの人は自宅で仕事をすることができないでしょう。
386,高校仮定法,But,for,their,negotiation、,this,project,wouldn't have been completed.,But for their negotiation 、this project wouldn't have been completed.,彼らの交渉がなければ、このプロジェクトは完了していなかったでしょう。
387,高校仮定法,It,is,high,time,you,had,a haircut.,It is high time you had a haircut.,そろそろ散髪してもいいころですよ。
388,高校仮定法,It,is,about,time,we,went,home.,It is about time we went home.,私たちはもう家に帰る時間です。
389,高校比較級,My,cell,phone,bill,this,month,is as high as it was last month.,My cell phone bill this month is as high as it was last month.,今月の私の携帯電話料金は先月と同じくらい高いです。
390,高校比較級,My,mother,cooks,as,well,as,a professioneal chef does.,My mother cooks as well as a professioneal chef does.,私の母はプロの料理人と同じくらい料理がうまいです。
391,高校比較級,He,doesn't,run,as,fast,as,I do.,He doesn't run as fast as I do.,彼の走る速さは私ほどではありません。
392,高校比較級,Is,he,as,tall,as,his,father.,Is he as tall as his father.,彼は彼のお父さんと同じくらいの身長ですか？
393,高校比較級,These,shoes,are,more,expensive,than,I expected.,These shoes are more expensive than I expected.,この靴は私が予想したよりも高価です。
394,高校比較級,Beef,stew,tastes,better,the,next,day.,Beef stew tastes better the next day.,ビーフシチューは翌日のほうがおいしくなります。
395,高校比較級,My,dog,isn't,bigger,than,a cat,.,My dog isn't bigger than a cat.,わたしの犬は猫よりも大きくありません。

397,高校比較級,I,like,him,the,best,of,all the actors.,I like him the best of all the actors.,私はすべての俳優の中で彼が一番好きです。
398,高校比較級,He,runs,faster,than,any,other,boy in his class.,He runs faster than any other boy in his class.,クラスの男子のなかで、彼は一番速く走ります。
399,高校比較級,He,is,not,the,oldeat,among,us.,He is not the oldeat among us.,私たちの中で、彼が最年長ではありません。
400,高校比較級,What,was,a,greatest,moment,in,your life.,What was a greatest moment in your life.,あなたの人生の中で最高の瞬間はいつでしたか？
401,高校関係代名詞,I,wii,introduce,my,friend,who,runs her own restaurant.,I wii introduce my friend who runs her own restaurant.,レストランを経営している私の友人を紹介いたします。
402,高校関係代名詞,Try,this,drink,which,is,really,tasty and healthy.,Try this drink which is really tasty and healthy.,とてもおいしくて健康にいい、この飲み物をお試しください。
403,高校関係代名詞,He,is,a student,who,often,asks,me some questions.,He is a student who often asks me some questions.,彼は私によく質問してくる学生です。
404,高校関係代名詞,Do,you,know,the,newspaper,which,reported this event in detail?,Do you know the newspaper which reported this event in detail?,このイベントを詳しく報告した新聞を知っていますか？
405,高校関係代名詞,Show,me,the,math,test,which,you took yesterday.,Show me the math test which you took yesterday.,あなたが昨日受けた数学のテストを見せてください。
406,高校関係代名詞,I,talked,to,a,writer,whose,books are selling well now.,I talked to a writer whose books are selling well now.,私は今、著作が売れている作家と話しました。
407,高校関係代名詞,We,want,to,support,the,leader,who we all respect.,We want to support the leader who we all respect.,私たちは、みんなで尊敬しているリーダーを支えたいです。
408,高校関係代名詞,The,house,which,you,can,see,on the hill is ours.,The house which you can see on the hill is ours.,丘の上に見える家が私たちの家です。
409,高校関係代名詞,You,gave,me,what,I,really,wanted.,You gave me what Ireally wanted.,私が本当に欲しいものをあなたは私にくれました。
410,高校関係代名詞,These,are,all,the books,that,I,have already read.,These are all the books that I have already read.,これらは私が読んだことのあるすべての本です。
411,高校関係代名詞,What,is,written,in,this,letter,is true.,What is written in this letter is true.,この手紙に書かれていることは本当です。
412,高校関係代名詞,She,was,the,only,person,that,believed that they could win.,She was the only person that believed that they could win.,彼女は、彼らが勝てるということを信じていた唯一の人でした。
413,高校関係代名詞,I,am,very,happy,to,have,friends that I can rely on.,I am very happy to have friends that I can rely on.,信頼できる親友たちがいて、私はとてもうれしいです。
414,高校関係代名詞,There,are,a,lot,of,cases,in which their dreams really come true.,There are a lot of cases in which their dreams really come true.,夢が本当にかなうということは、とてもよくあることです。
415,高校関係代名詞,She,is,the,lady,who,we,have been lookig for.,She is the lady who we have been lookig for.,彼女は私たちが探し続けている女性です。
416,高校関係代名詞,The,time,at,which,they,should,leave is p.m.,The time at which they should leave is p.m.,彼らが出発すべき時間は午後三時です。
417,高校関係副詞,I,can,tell,the,time,when,I came home yesterday.,I can tell the time when I came home yesterday.,私は自分が昨日帰宅した時間をお伝え出来ます。
418,高校関係副詞,The,reason,why,he,chose,this,job is very clear.,The reason why he chose this job is very clear.,彼がこの仕事を選んだ理由はとても明白です。
419,高校関係副詞,We,didn't,know,how,we,could,deal with the problem.,We didn't know how we could deal with the problem.,私たちはその問題に対処する方法を知りませんでした。
420,高校関係副詞,We,will,never,forget,the,year,when we opened our shop.,We will never forget the year when we opened our shop.,自分たちの店を開店した年のことを私たちは忘れないでしょう。
421,高校関係副詞,The,chose,the,path,which,was,the least diffficult.,The chose the path which was the least diffficult.,彼らは最も難しくない道を選びました。
422,高校関係副詞,Bill,quit,the company、,but,he,didn't,tell me the reason which I wanted to know.,Bill quit the company、but he didn't tell me the reason which I wanted to know.,ビルは会社を辞めましたが、私が知りたがった理由を教えてくれませんでした。
423,高校関係副詞,We,first,met,in、,when,we,entered the university.,We first met in、when we entered the university.,私たちが初めて会ったのは年で、それは大学に入学した年でした。
424,高校関係副詞,I,want,to,go,NewYork、,where,my best friend lives.,I want to go NewYork、where my best friend lives.,私はニューヨークに行きたいです。そこには親友が住んでいます。
425,高校関係副詞,This,museum,has,some,of,Picasso's paintings、,which were painted in the 20 th century.,This museum has some of Picasso's paintings、which were painted in the 20 th century.,ピカソの絵の何枚かがこの美術館にあり、それは20世紀に描かれたものです。
426,高校複合関係詞,Whoeever,wins、,we,will,be,satisfied,with the game.,Whoeever wins、we will be satisfied with the game.,誰が勝っても、私たちはその試合に満足するでしょう。
427,高校複合関係詞,However,far,away,you,are、,he,will find you.,However far away you are、he will find you.,あなたがどんなに遠く離れていようと、彼はあなたを見つけるでしょう。
428,高校複合関係詞,No,matter,what,anyone,says、,she,has great talent.,No matter what anyone says、she has great talent.,誰が何と言おうと、彼女には素晴らしい才能があります
429,高校複合関係詞,Whatever,happenes,I,will,go,with,you,. Whatever happenes I will go with you.,何が起こっても、私はあなたと一緒に行きます。
430,高校接続詞,They,strongly,believed,that,they,could,change the world.,They strongly believed that they could change the world.,彼らは自分たちが世界を変えられると強く信じていました。
431,高校接続詞,I'm,sure,that,you,will,feel,better tomorrow.,I'm sure that you will feel better tomorrow.,明日にははあなたの体調は良くなっていると思います。
432,高校接続詞,I,heared,the,news,that,the,actor would cone to Japan.,I heared the news that the actor would cone to Japan.,私はその俳優が来日するというニュースを聞きました。
433,高校接続詞,Did,you,know,that,she,had,gotten married?,Did you know that she had gotten married?,彼女が結婚したことを知っていましたか？
434,高校接続詞,I,will,call,you,back,when,I get home.,I will call you back when I get home.,家に帰ったら電話をかけなおします。
435,高校接続詞,He,sais,something,while,he,was,sleeping.,He sais something while he was sleeping.,彼は寝ている間に何か言いました。
436,高校接続詞,If,you,come,early、,you,can,drink free.,If you come early、 you can drink free.,もし早く来たら、無料のコーヒーが飲めます。
437,高校強調構文,It,is,shrimp,that,she,doesn't,like.,It is shrimp that she doesn't like.,彼女が好きではないのはエビです。
438,高校強調構文,It,isn't,today,that,we,are,supposed to meet.,It isn't today that we are supposed to meet.,私たちが会うことになっているのは今日ではありません。
439,高校強調構文,It,was,Kei,that,went,to,New York.,It was Kei that went to New York.,先週ニューヨークに行ったのはケイです。
440,高校強調構文,It,was, days ago,that,I,lost,my phone.,It was  days ago that I lost my phone.,私が携帯電話をなくしたのは日前です。
441,高校形式主語・形式目的語,It,is,interesting,to,learn,the,differences between Japanese and English.,It is interesting to learn the differences between Japanese and English.,日本語と英語の違いを学ぶのは興味深いです。
442,高校形式主語・形式目的語,It,is,certain,that,he,will,win the tennnis match.,It is certain that he will win the tennnis match.,彼がそのテニスの試合に勝つのは確実です。
443,高校形式主語・形式目的語,I,found,it,impossible,to,finish,my homework in an hour.,I found it impossible to finish my homework in an hour.,一時間で宿題を終えるのは不可能だとわかりました。
444,高校形式主語・形式目的語,Do,you,make,it,a,rule,to wake up early in the morning.,Do you make it a rule to wake up early in the morning.,あなたは朝起きることを習慣にしているのですか？
445,高校時制の一致・話法,He,said,that,he,was,busy,practicing the guiter.,He said that he was busy practicing the guiter.,彼はギターの練習で忙しいといいました。
446,高校時制の一致・話法,They,said,that,they,had,completed,the task.,They said that they had completed the task.,彼らはその仕事を完了したといいました。
447,高校時制の一致・話法,My,father,said,that,he,would,be back before nine.,My father said that he would be back before nine.,彼は時前に帰ってくるといいました。
448,高校疑問詞,I,was,not,sure,which,cup,to use.,I was not sure which cup to use.,どちらのカップを使うべきかわかりませんでした。
449,高校疑問詞,Tell,me,how,to,get,to,the station.,Tell me how to get to the station.,駅までどうやって行くかを教えてください。
450,高校疑問詞,Could,you,tell,me,what,to,do?,Could you tell me what to do ?,何をしたらいいか、教えてくださいますか？
451,高校疑問詞,We,knows,where,to,go,next,month.,We knows where to go next month.,来月どこへ行くべきか私たちは知っています。

